{
    "root_group": {
        "checks": {
            "status is 200": {
                "name": "status is 200",
                "path": "::status is 200",
                "id": "6210a8cd14cd70477eba5c5e4cb3fb5f",
                "passes": 4614,
                "fails": 931
            },
            "looks like json": {
                "name": "looks like json",
                "path": "::looks like json",
                "id": "ae215b8ad7588adf78c842b0ade3b73c",
                "passes": 4614,
                "fails": 931
            }
        },
        "name": "",
        "path": "",
        "id": "d41d8cd98f00b204e9800998ecf8427e",
        "groups": {}
    },
    "metrics": {
        "http_req_duration": {
            "p(90)": 14002.461355,
            "p(95)": 14654.614412,
            "avg": 4744.812934392438,
            "min": 54.657352,
            "med": 3783.513619,
            "max": 15916.893266,
            "thresholds": {
                "p(95)<800": true
            }
        },
        "vus": {
            "min": 0,
            "max": 200,
            "value": 23
        },
        "http_req_sending": {
            "avg": 0.025342353110910657,
            "min": 0.006302,
            "med": 0.023674,
            "max": 0.492141,
            "p(90)": 0.0324216,
            "p(95)": 0.038250200000000005
        },
        "http_req_duration{expected_response:true}": {
            "med": 2584.179243,
            "max": 15916.893266,
            "p(90)": 13958.7856966,
            "p(95)": 14695.461390949997,
            "avg": 4381.152412666458,
            "min": 54.657352
        },
        "data_received": {
            "count": 3984925,
            "rate": 10843.606015767687
        },
        "http_req_blocked": {
            "p(90)": 0.0055406000000000006,
            "p(95)": 0.007763000000000002,
            "avg": 0.995246778358882,
            "min": 0.001553,
            "med": 0.004058,
            "max": 1048.502225
        },
        "http_req_tls_handshaking": {
            "med": 0,
            "max": 0,
            "p(90)": 0,
            "p(95)": 0,
            "avg": 0,
            "min": 0
        },
        "http_req_receiving": {
            "avg": 0.06571113201082067,
            "min": 0.009769,
            "med": 0.05297,
            "max": 18.659569,
            "p(90)": 0.07950000000000003,
            "p(95)": 0.08944239999999999
        },
        "http_req_waiting": {
            "avg": 4744.721880907302,
            "min": 54.590917,
            "med": 3783.456621,
            "max": 15916.846558,
            "p(90)": 14002.3739174,
            "p(95)": 14654.5357428
        },
        "iterations": {
            "count": 5545,
            "rate": 15.0888148101738
        },
        "iteration_duration": {
            "p(95)": 14665.06086,
            "avg": 4756.279300737425,
            "min": 65.084678,
            "med": 3793.802332,
            "max": 15927.812456,
            "p(90)": 14012.8099382
        },
        "http_req_connecting": {
            "avg": 0.9892165374211002,
            "min": 0,
            "med": 0,
            "max": 1048.480072,
            "p(90)": 0,
            "p(95)": 0
        },
        "checks": {
            "passes": 9228,
            "fails": 1862,
            "value": 0.8321009918845808
        },
        "http_req_failed": {
            "passes": 931,
            "fails": 4614,
            "thresholds": {
                "rate<0.01": true
            },
            "value": 0.1678990081154193
        },
        "dropped_iterations": {
            "count": 2915,
            "rate": 7.932172258188751
        },
        "vus_max": {
            "value": 200,
            "min": 20,
            "max": 200
        },
        "http_reqs": {
            "count": 5545,
            "rate": 15.0888148101738
        },
        "data_sent": {
            "count": 931495,
            "rate": 2534.7440129130464
        }
    }
}