{
    "root_group": {
        "groups": {},
        "checks": {
                "status is 200": {
                    "fails": 6,
                    "name": "status is 200",
                    "path": "::status is 200",
                    "id": "6210a8cd14cd70477eba5c5e4cb3fb5f",
                    "passes": 2753
                },
                "looks like json": {
                    "name": "looks like json",
                    "path": "::looks like json",
                    "id": "ae215b8ad7588adf78c842b0ade3b73c",
                    "passes": 2753,
                    "fails": 6
                }
            },
        "name": "",
        "path": "",
        "id": "d41d8cd98f00b204e9800998ecf8427e"
    },
    "metrics": {
        "http_req_sending": {
            "avg": 0.06641527220007236,
            "min": 0.02935,
            "med": 0.05244,
            "max": 3.879889,
            "p(90)": 0.09905800000000005,
            "p(95)": 0.1229381
        },
        "vus": {
            "value": 1,
            "min": 0,
            "max": 5
        },
        "http_req_tls_handshaking": {
            "avg": 0,
            "min": 0,
            "med": 0,
            "max": 0,
            "p(90)": 0,
            "p(95)": 0
        },
        "checks": {
            "passes": 5506,
            "fails": 12,
            "value": 0.9978252990213845
        },
        "data_received": {
            "count": 850757,
            "rate": 2362.3078366700556
        },
        "iteration_duration": {
            "p(95)": 149.34476699999996,
            "avg": 78.78546363682482,
            "min": 58.292447,
            "med": 65.964016,
            "max": 1201.945658,
            "p(90)": 110.54762500000011
        },
        "iterations": {
            "count": 2759,
            "rate": 7.660950566816005
        },
        "http_req_duration": {
            "avg": 67.78960453715109,
            "min": 47.447367,
            "med": 54.953726,
            "max": 1190.759878,
            "p(90)": 99.37292680000007,
            "p(95)": 138.641718
        },
        "http_req_duration{expected_response:true}": {
            "p(95)": 138.348648,
            "avg": 67.68573915328727,
            "min": 47.447367,
            "med": 54.937257,
            "max": 1190.759878,
            "p(90)": 98.63552880000013
        },
        "http_req_waiting": {
            "avg": 67.56602837803543,
            "min": 47.230677,
            "med": 54.735077,
            "max": 1190.513049,
            "p(90)": 99.15672080000009,
            "p(95)": 138.474726
        },
        "vus_max": {
            "max": 20,
            "value": 20,
            "min": 20
        },
        "http_req_blocked": {
            "med": 0.01185,
            "max": 26.950669,
            "p(90)": 0.05030800000000004,
            "p(95)": 0.6480910999999996,
            "avg": 0.08264881949981903,
            "min": 0.00752
        },
        "data_sent": {
            "rate": 1592.7752095637659,
            "count": 573619
        },
        "http_req_connecting": {
            "max": 1.76063,
            "p(90)": 0,
            "p(95)": 0.52076,
            "avg": 0.04846817035157661,
            "min": 0,
            "med": 0
        },
        "http_req_receiving": {
            "p(90)": 0.19110200000000002,
            "p(95)": 0.21973599999999996,
            "avg": 0.1571608869155493,
            "min": 0.0474,
            "med": 0.13593,
            "max": 5.95989
        },
        "http_reqs": {
            "rate": 7.660950566816005,
            "count": 2759
        },
        "http_req_failed": {
            "passes": 6,
            "fails": 2753,
            "value": 0.0021747009786154403
        }
    }
}